aaron,5
aback,5
abaft,5
abase,5
abash,5
abate,5
abbey,5
abbot,5
abeam,5
abets,5
abhor,5
abide,5
abode,5
abort,5
about,5
above,5
abuse,5
abuts,5
abyss,5
accra,5
ached,5
aches,5
acids,5
acorn,5
acres,5
acrid,5
acryl,5
acted,5
actin,5
actor,5
acute,5
adage,5
adams,5
adapt,5
added,5
adder,5
addle,5
adept,5
adieu,5
adler,5
adman,5
admit,5
admix,5
adopt,5
adore,5
adorn,5
adult,5
aegis,5
aesop,5
affix,5
afire,5
afoot,5
afore,5
afoul,5
after,5
again,5
agana,5
agape,5
agate,5
agent,5
agile,5
aging,5
aglow,5
agnes,5
agony,5
agree,5
agues,5
ahead,5
aided,5
aider,5
aides,5
ailed,5
aimed,5
aired,5
aisle,5
alamo,5
alarm,5
album,5
alder,5
alert,5
algae,5
alias,5
alibi,5
alice,5
alien,5
align,5
alike,5
alive,5
allah,5
allan,5
allay,5
alley,5
allot,5
allow,5
alloy,5
aloft,5
aloha,5
alone,5
along,5
aloof,5
aloud,5
alpha,5
altar,5
alter,5
altos,5
alvin,5
amain,5
amass,5
amaze,5
amber,5
ambit,5
amble,5
ameba,5
amend,5
amine,5
amino,5
amiss,5
amity,5
amman,5
among,5
amour,5
ample,5
amply,5
amuck,5
amuse,5
andes,5
andre,5
angel,5
anger,5
angle,5
anglo,5
angry,5
angst,5
angus,5
anise,5
anita,5
ankle,5
annex,5
annie,5
annoy,5
annul,5
annum,5
anode,5
antic,5
anton,5
anvil,5
aorta,5
apace,5
apart,5
aphid,5
aping,5
apish,5
apple,5
apply,5
april,5
apron,5
aptly,5
arabs,5
arbor,5
arced,5
arden,5
ardor,5
areas,5
arena,5
argon,5
argos,5
argot,5
argue,5
argus,5
arias,5
aries,5
arise,5
armed,5
armor,5
aroma,5
arose,5
array,5
arrow,5
arson,5
aruba,5
arvin,5
aryan,5
ascii,5
ascot,5
ashen,5
ashes,5
asian,5
aside,5
asked,5
asker,5
askew,5
aspen,5
aspic,5
assam,5
assay,5
asses,5
asset,5
aster,5
astir,5
atilt,5
atlas,5
atoll,5
atoms,5
atone,5
attic,5
audio,5
audit,5
auger,5
aught,5
augur,5
aunts,5
aural,5
auras,5
autos,5
avail,5
avant,5
avers,5
avert,5
avery,5
avoid,5
avows,5
await,5
awake,5
award,5
aware,5
awash,5
awful,5
awing,5
awoke,5
axial,5
axing,5
axiom,5
axles,5
aztec,5
azure,5
babes,5
backs,5
bacon,5
badge,5
badly,5
bagel,5
baggy,5
bails,5
baits,5
baize,5
baked,5
baker,5
bakes,5
baler,5
bales,5
balks,5
balky,5
balls,5
balms,5
balmy,5
balsa,5
bambi,5
banal,5
banco,5
bands,5
bandy,5
banff,5
bangs,5
banjo,5
banks,5
banns,5
bantu,5
barbs,5
bards,5
bared,5
bares,5
barge,5
barks,5
barns,5
baron,5
barry,5
basal,5
based,5
basel,5
baser,5
bases,5
basic,5
basil,5
basin,5
basis,5
basks,5
basle,5
basra,5
baste,5
batch,5
bated,5
bates,5
bathe,5
baths,5
baton,5
batty,5
baulk,5
bawds,5
bawdy,5
bawls,5
bayou,5
beach,5
beads,5
beady,5
beaks,5
beams,5
beans,5
beard,5
bears,5
beast,5
beats,5
beaux,5
bebop,5
beech,5
beefs,5
beefy,5
beeps,5
beers,5
beets,5
befit,5
befog,5
began,5
beget,5
begin,5
begot,5
begun,5
beige,5
being,5
belay,5
belch,5
belie,5
belle,5
bello,5
bells,5
belly,5
below,5
belts,5
bench,5
bends,5
benin,5
beret,5
bergs,5
berry,5
berth,5
beryl,5
beset,5
bests,5
betel,5
betsy,5
betty,5
bevel,5
bible,5
biddy,5
bided,5
bides,5
bidet,5
biers,5
bight,5
bigot,5
biked,5
bikes,5
bilge,5
bills,5
billy,5
binds,5
binge,5
bingo,5
biped,5
birch,5
birds,5
birth,5
bison,5
bitch,5
biter,5
bites,5
bitty,5
blabs,5
black,5
blade,5
blake,5
blame,5
bland,5
blank,5
blare,5
blase,5
blast,5
blaze,5
bleak,5
blear,5
bleat,5
bleed,5
bleep,5
blend,5
bless,5
blest,5
blimp,5
blind,5
blink,5
blips,5
bliss,5
blitz,5
bloat,5
blobs,5
block,5
bloke,5
blond,5
blood,5
bloom,5
blots,5
blown,5
blows,5
blues,5
bluff,5
blunt,5
blurb,5
blurs,5
blurt,5
blush,5
board,5
boars,5
boast,5
boats,5
bobby,5
boded,5
bodes,5
boers,5
bogey,5
boggy,5
bogie,5
bogus,5
boils,5
bolts,5
bombs,5
bonds,5
boned,5
boner,5
bones,5
bongo,5
bonny,5
bonus,5
boobs,5
booby,5
booed,5
books,5
booms,5
boons,5
boors,5
boost,5
booth,5
boots,5
booty,5
booze,5
boozy,5
borax,5
bored,5
borer,5
bores,5
boris,5
borne,5
boron,5
bosom,5
bossy,5
bosun,5
botch,5
bough,5
bound,5
bouts,5
bowed,5
bowel,5
bower,5
bowie,5
bowls,5
boxed,5
boxer,5
boxes,5
brace,5
brads,5
brags,5
braid,5
brain,5
brake,5
brand,5
brash,5
brass,5
brats,5
brave,5
bravo,5
brawl,5
brawn,5
brays,5
braze,5
bread,5
break,5
bream,5
breed,5
brews,5
brian,5
briar,5
bribe,5
brick,5
bride,5
brief,5
brier,5
brims,5
brine,5
bring,5
brink,5
briny,5
brisk,5
broad,5
broil,5
broke,5
bronx,5
brood,5
brook,5
broom,5
broth,5
brown,5
brows,5
bruce,5
brunt,5
brush,5
brute,5
bryan,5
bucks,5
buddy,5
budge,5
buffs,5
buggy,5
bugle,5
build,5
built,5
bulbs,5
bulge,5
bulks,5
bulky,5
bulls,5
bully,5
bumps,5
bumpy,5
bunch,5
bungs,5
bunks,5
bunny,5
buoys,5
burke,5
burly,5
burma,5
burns,5
burnt,5
burps,5
burrs,5
burst,5
buses,5
bushy,5
busts,5
butch,5
butte,5
butts,5
buxom,5
buyer,5
bylaw,5
byres,5
byron,5
bytes,5
byway,5
cabal,5
cabby,5
cabin,5
cable,5
cache,5
cacti,5
caddy,5
cadet,5
cadge,5
cadre,5
cafes,5
caged,5
cages,5
cagey,5
cairn,5
cairo,5
caked,5
cakes,5
calls,5
calms,5
calve,5
camas,5
camel,5
cameo,5
camps,5
can't,5
canal,5
candy,5
caned,5
canes,5
canna,5
canny,5
canoe,5
canon,5
canto,5
cants,5
caper,5
capes,5
capon,5
carat,5
cards,5
cared,5
cares,5
carew,5
carey,5
cargo,5
carol,5
carps,5
carry,5
carts,5
carve,5
cased,5
cases,5
casks,5
caste,5
casts,5
catch,5
cater,5
cathy,5
catty,5
caulk,5
cause,5
caved,5
caves,5
cavil,5
cawed,5
cease,5
cecil,5
cedar,5
ceded,5
cedes,5
celia,5
cello,5
cells,5
celts,5
cents,5
chafe,5
chaff,5
chain,5
chair,5
chalk,5
champ,5
chant,5
chaos,5
chaps,5
chard,5
charm,5
chars,5
chart,5
chary,5
chase,5
chasm,5
chats,5
cheap,5
cheat,5
check,5
cheek,5
cheep,5
cheer,5
chefs,5
chess,5
chest,5
chews,5
chewy,5
chick,5
chide,5
chief,5
child,5
chile,5
chili,5
chill,5
chime,5
chimp,5
china,5
chine,5
chink,5
chins,5
chips,5
chirp,5
chits,5
chive,5
chivy,5
chock,5
choir,5
choke,5
chomp,5
chops,5
chord,5
chore,5
chose,5
chows,5
chris,5
chubb,5
chuck,5
chuff,5
chugs,5
chump,5
chums,5
chunk,5
churl,5
churn,5
chute,5
cider,5
cigar,5
cinch,5
cindy,5
circa,5
cited,5
cites,5
civic,5
civil,5
clack,5
claim,5
clamp,5
clams,5
clang,5
clank,5
clans,5
claps,5
clark,5
clash,5
clasp,5
class,5
claus,5
claws,5
clays,5
clean,5
clear,5
cleat,5
clefs,5
cleft,5
clerk,5
click,5
cliff,5
climb,5
clime,5
cling,5
clink,5
clint,5
clips,5
clive,5
cloak,5
clock,5
clods,5
clogs,5
clone,5
clonk,5
close,5
cloth,5
clots,5
cloud,5
clout,5
clove,5
clown,5
cloys,5
clubs,5
cluck,5
clues,5
clump,5
clung,5
coach,5
coals,5
coast,5
coats,5
cobol,5
cobra,5
cocks,5
cocky,5
cocoa,5
coded,5
codes,5
cohen,5
coils,5
coins,5
cokes,5
colds,5
colic,5
colin,5
colne,5
colon,5
color,5
colts,5
comas,5
combs,5
comer,5
comes,5
comet,5
comfy,5
comic,5
comma,5
conch,5
coned,5
cones,5
coney,5
conga,5
congo,5
conic,5
conks,5
cooed,5
cooks,5
cools,5
coops,5
coots,5
coped,5
copes,5
copse,5
copts,5
coral,5
cords,5
cored,5
corer,5
cores,5
corey,5
corfu,5
corgi,5
corks,5
corky,5
corns,5
corny,5
corps,5
cosec,5
costs,5
couch,5
cough,5
could,5
count,5
coupe,5
coups,5
court,5
coven,5
cover,5
coves,5
covet,5
cowed,5
cower,5
cowls,5
coyly,5
coypu,5
crabs,5
crack,5
craft,5
crags,5
craig,5
cramp,5
crams,5
crane,5
crank,5
crash,5
crass,5
crate,5
crave,5
crawl,5
craws,5
craze,5
crazy,5
creak,5
cream,5
credo,5
creed,5
creek,5
creep,5
crepe,5
crept,5
cress,5
crest,5
crete,5
crews,5
cribs,5
crick,5
cried,5
crier,5
cries,5
crime,5
crimp,5
crisp,5
croak,5
crock,5
crone,5
crony,5
crook,5
croon,5
crops,5
cross,5
crowd,5
crown,5
crows,5
crude,5
cruel,5
cruet,5
crumb,5
crush,5
crust,5
crypt,5
cuban,5
cubed,5
cubes,5
cubic,5
cubit,5
cuffs,5
culls,5
cults,5
cumin,5
cupid,5
curae,5
curbs,5
curds,5
cured,5
cures,5
curia,5
curie,5
curio,5
curls,5
curly,5
curry,5
curse,5
curst,5
curve,5
cushy,5
cusps,5
cuter,5
cycle,5
cynic,5
cyril,5
cysts,5
czars,5
czech,5
dacca,5
dacha,5
daddy,5
daffy,5
daily,5
dairy,5
daisy,5
dakar,5
dales,5
dally,5
dames,5
damns,5
damps,5
dance,5
dandy,5
danny,5
dante,5
dared,5
dares,5
darns,5
darts,5
dated,5
dater,5
dates,5
datum,5
daubs,5
daunt,5
david,5
davis,5
davit,5
dawns,5
dazed,5
dazes,5
deals,5
dealt,5
deans,5
dears,5
death,5
debar,5
debit,5
debra,5
debts,5
debug,5
debut,5
decay,5
decks,5
decor,5
decoy,5
decry,5
deeds,5
deems,5
deere,5
defer,5
defog,5
degas,5
deify,5
deign,5
deism,5
deist,5
deity,5
delay,5
delft,5
delhi,5
delta,5
delve,5
demon,5
demur,5
denim,5
denis,5
dense,5
dents,5
depot,5
depth,5
derek,5
desks,5
deter,5
deuce,5
devil,5
dewed,5
dhabi,5
dials,5
diana,5
diane,5
diary,5
diced,5
dices,5
dicey,5
dicta,5
diets,5
digit,5
dijon,5
dikes,5
dimes,5
dimly,5
dinar,5
dined,5
diner,5
dines,5
dingo,5
dings,5
dingy,5
dinky,5
diode,5
dirge,5
dirty,5
disco,5
discs,5
disks,5
ditch,5
ditto,5
ditty,5
divan,5
divas,5
dived,5
diver,5
dives,5
dixie,5
dixon,5
dizzy,5
djinn,5
docks,5
dodge,5
dodos,5
doers,5
doffs,5
doggy,5
dogma,5
doily,5
doing,5
doled,5
doles,5
dolls,5
dolly,5
dolts,5
domed,5
domes,5
don't,5
donee,5
donna,5
donor,5
dooms,5
doors,5
doped,5
doper,5
dopes,5
dopey,5
doric,5
doris,5
dorsa,5
dosed,5
doses,5
doted,5
dotes,5
dotty,5
doubt,5
dough,5
douse,5
dover,5
doves,5
dowdy,5
dowel,5
dower,5
downs,5
downy,5
dowry,5
dowse,5
doyle,5
dozed,5
dozen,5
dozes,5
draft,5
drags,5
drain,5
drake,5
drama,5
drank,5
drape,5
drawl,5
drawn,5
draws,5
dread,5
dream,5
dregs,5
dress,5
dried,5
drier,5
dries,5
drift,5
drill,5
drily,5
drink,5
drips,5
drive,5
droll,5
drone,5
drool,5
droop,5
drops,5
dross,5
drove,5
drown,5
drugs,5
druid,5
drums,5
drunk,5
dryer,5
dryly,5
ducal,5
ducat,5
duchy,5
ducks,5
ducts,5
duels,5
duets,5
dukes,5
dully,5
dummy,5
dumps,5
dumpy,5
dunce,5
dunes,5
dunks,5
duped,5
duper,5
dupes,5
duple,5
dusky,5
dusts,5
dusty,5
dutch,5
dwarf,5
dwell,5
dwelt,5
dyers,5
dying,5
dykes,5
dylan,5
eager,5
eagle,5
eared,5
earls,5
early,5
earns,5
earth,5
eased,5
easel,5
eases,5
eaten,5
eater,5
eaton,5
eaves,5
ebbed,5
ebony,5
eclat,5
edema,5
edgar,5
edged,5
edges,5
edict,5
edify,5
edith,5
edits,5
educe,5
edwin,5
eerie,5
egged,5
egret,5
egypt,5
eider,5
eight,5
eject,5
eking,5
eland,5
elate,5
elbow,5
elder,5
elect,5
elegy,5
elfin,5
elias,5
elise,5
elite,5
ellen,5
elope,5
elsie,5
elude,5
elves,5
elvis,5
emacs,5
embed,5
ember,5
emend,5
emery,5
emily,5
emits,5
empty,5
enact,5
ended,5
endow,5
endue,5
enema,5
enemy,5
enjoy,5
ennui,5
enoch,5
ensue,5
enter,5
entry,5
envoy,5
epees,5
epics,5
epoch,5
epoxy,5
epsom,5
equal,5
equip,5
erase,5
erect,5
ernst,5
erode,5
erred,5
errol,5
error,5
erupt,5
esker,5
essay,5
ester,5
estop,5
ethel,5
ether,5
ethic,5
ethos,5
evade,5
evens,5
event,5
every,5
evict,5
evils,5
evoke,5
ewers,5
exact,5
exalt,5
exams,5
excel,5
exert,5
exile,5
exist,5
exits,5
expel,5
extol,5
extra,5
exude,5
exult,5
exxon,5
faber,5
fable,5
faced,5
faces,5
facet,5
facts,5
faddy,5
faded,5
fades,5
fagot,5
fails,5
faint,5
fairs,5
fairy,5
faith,5
faked,5
faker,5
fakes,5
fakir,5
falls,5
FALSE,5
famed,5
fancy,5
fangs,5
fanny,5
farad,5
farce,5
fared,5
fares,5
farms,5
faros,5
fasts,5
fatal,5
fated,5
fates,5
fatty,5
fault,5
fauna,5
faust,5
favor,5
fawns,5
faxed,5
faxes,5
fears,5
feast,5
feats,5
fecal,5
feces,5
feeds,5
feels,5
feign,5
feint,5
fells,5
felon,5
femur,5
fence,5
fends,5
feral,5
fermi,5
ferns,5
ferry,5
fetal,5
fetch,5
feted,5
fetes,5
fetid,5
fetus,5
feuds,5
fever,5
fewer,5
fiats,5
fiber,5
field,5
fiend,5
fiery,5
fifes,5
fifth,5
fifty,5
fight,5
filch,5
filed,5
filer,5
files,5
filet,5
fills,5
filly,5
films,5
filmy,5
filth,5
final,5
finch,5
finds,5
fined,5
finer,5
fines,5
fired,5
fires,5
firms,5
first,5
firth,5
fishy,5
fists,5
fitch,5
fitly,5
fives,5
fixed,5
fixer,5
fixes,5
fizzy,5
fjord,5
flags,5
flail,5
flair,5
flake,5
flaky,5
flame,5
flank,5
flaps,5
flare,5
flash,5
flask,5
flats,5
flaws,5
flays,5
fleas,5
fleck,5
flees,5
fleet,5
flesh,5
flick,5
flier,5
flies,5
fling,5
flint,5
flips,5
flirt,5
flits,5
float,5
flock,5
floes,5
flogs,5
flood,5
floor,5
flops,5
flora,5
floss,5
flour,5
flout,5
flown,5
flows,5
flues,5
fluff,5
fluid,5
fluke,5
flung,5
flunk,5
fluor,5
flush,5
flute,5
flyer,5
foals,5
foams,5
foamy,5
focal,5
focus,5
fogey,5
foggy,5
foils,5
foist,5
folds,5
folio,5
folks,5
folly,5
fonts,5
foods,5
fools,5
foray,5
force,5
fords,5
forge,5
forgo,5
forks,5
forms,5
forte,5
forth,5
forts,5
forty,5
forum,5
fouls,5
found,5
fount,5
fours,5
fowls,5
foxed,5
foxes,5
foyer,5
frail,5
frame,5
franc,5
frank,5
fraud,5
frays,5
freak,5
freda,5
freed,5
frees,5
freon,5
fresh,5
frets,5
freud,5
friar,5
fried,5
fries,5
frill,5
frisk,5
frizz,5
frock,5
frogs,5
frond,5
front,5
frost,5
froth,5
frown,5
froze,5
fruit,5
frump,5
fudge,5
fuels,5
fugal,5
fugue,5
fully,5
fumed,5
fumes,5
funds,5
fungi,5
funks,5
funky,5
funny,5
furor,5
furry,5
furze,5
fused,5
fuses,5
fussy,5
fusty,5
futon,5
fuzzy,5
gable,5
gabon,5
gaffe,5
gages,5
gaily,5
gains,5
gaits,5
galas,5
gales,5
galls,5
games,5
gamin,5
gamma,5
gamut,5
gangs,5
gaped,5
gapes,5
gases,5
gasps,5
gassy,5
gated,5
gates,5
gaudy,5
gauge,5
gaunt,5
gauss,5
gauze,5
gauzy,5
gavel,5
gavin,5
gawks,5
gawky,5
gazed,5
gazer,5
gazes,5
gazon,5
gears,5
geese,5
genes,5
genet,5
genie,5
genii,5
genoa,5
genre,5
genus,5
geoff,5
germs,5
getup,5
ghana,5
ghent,5
ghost,5
ghoul,5
giant,5
gibed,5
gibes,5
giddy,5
gifts,5
gilds,5
gills,5
gipsy,5
girds,5
girls,5
giros,5
girth,5
given,5
giver,5
gives,5
gizmo,5
glace,5
glade,5
gland,5
glare,5
glass,5
glaze,5
gleam,5
glean,5
glens,5
glide,5
glint,5
gloat,5
globe,5
gloms,5
gloom,5
glory,5
gloss,5
glove,5
glows,5
glued,5
glues,5
gluey,5
gluts,5
gnarl,5
gnash,5
gnats,5
gnaws,5
gnome,5
goads,5
goals,5
goats,5
godly,5
gofer,5
going,5
golly,5
gonad,5
goner,5
gongs,5
goods,5
goody,5
goofs,5
goofy,5
goose,5
gored,5
gores,5
gorge,5
gorse,5
gouda,5
gouge,5
gourd,5
gouty,5
gowns,5
grabs,5
grace,5
grade,5
graft,5
grail,5
grain,5
grams,5
grand,5
grant,5
grape,5
graph,5
grasp,5
grass,5
grate,5
grave,5
gravy,5
grays,5
graze,5
great,5
grebe,5
greed,5
greek,5
green,5
greet,5
grids,5
grief,5
grieg,5
grill,5
grime,5
grimy,5
grind,5
grins,5
gripe,5
grips,5
grist,5
grits,5
groan,5
groat,5
groin,5
groom,5
grope,5
gross,5
group,5
grout,5
grove,5
growl,5
grown,5
grows,5
grubs,5
gruel,5
gruff,5
grump,5
grunt,5
guano,5
guard,5
guava,5
guess,5
guest,5
guide,5
guild,5
guile,5
guilt,5
guise,5
gulfs,5
gulls,5
gully,5
gulps,5
gumbo,5
gummy,5
gunny,5
guppy,5
gurus,5
gushy,5
gusto,5
gusts,5
gusty,5
gutsy,5
gypsy,5
gyros,5
habet,5
habit,5
hacks,5
hades,5
hague,5
haifa,5
haiku,5
hails,5
hairs,5
hairy,5
haiti,5
haley,5
halls,5
halos,5
halts,5
halve,5
hammy,5
hands,5
handy,5
hangs,5
hanks,5
hanky,5
hanna,5
hanoi,5
hanse,5
haply,5
happy,5
hardy,5
harem,5
hares,5
harks,5
harms,5
harps,5
harpy,5
harry,5
harsh,5
harts,5
hasps,5
haste,5
hasty,5
hatch,5
hated,5
hater,5
hates,5
haugh,5
hauls,5
haunt,5
hausa,5
haven,5
haver,5
havoc,5
hawks,5
hawse,5
haydn,5
hayed,5
hazel,5
hazes,5
he'll,5
heads,5
heady,5
heals,5
heaps,5
heard,5
hears,5
heart,5
heath,5
heats,5
heave,5
heavy,5
hedge,5
heeds,5
heels,5
hefty,5
heinz,5
heirs,5
heist,5
helen,5
helix,5
hello,5
helms,5
helot,5
helps,5
hence,5
henry,5
herbs,5
herds,5
heron,5
hertz,5
hewed,5
hewer,5
hides,5
highs,5
hiked,5
hiker,5
hikes,5
hills,5
hilly,5
hilts,5
hindi,5
hinds,5
hindu,5
hinge,5
hints,5
hippy,5
hired,5
hirer,5
hires,5
hitch,5
hived,5
hives,5
hoard,5
hoary,5
hobby,5
hocks,5
hoist,5
holds,5
holed,5
holes,5
holly,5
holst,5
homed,5
homer,5
homes,5
honda,5
honey,5
honks,5
honor,5
hooch,5
hoods,5
hooey,5
hoofs,5
hooks,5
hooky,5
hoops,5
hoots,5
hoped,5
hopes,5
horde,5
horns,5
horny,5
horse,5
hosea,5
hosed,5
hoses,5
hosts,5
hotch,5
hotel,5
hotly,5
hound,5
hours,5
house,5
hovel,5
hover,5
howdy,5
howls,5
hubby,5
huffs,5
huffy,5
hulks,5
hulls,5
human,5
humid,5
humor,5
humps,5
humpy,5
humus,5
hunch,5
hunts,5
hurls,5
huron,5
hurry,5
hurts,5
husks,5
husky,5
hussy,5
hutch,5
hydra,5
hydro,5
hyena,5
hymen,5
hymns,5
hyped,5
hyper,5
hypes,5
hyrax,5
ibsen,5
icily,5
icing,5
icons,5
idaho,5
ideal,5
ideas,5
idiom,5
idiot,5
idled,5
idler,5
idles,5
idols,5
idyll,5
igloo,5
iliad,5
image,5
imago,5
imams,5
imbed,5
imbue,5
impel,5
imply,5
inane,5
inapt,5
incur,5
index,5
india,5
indus,5
inept,5
inert,5
infer,5
infra,5
ingot,5
inked,5
inlay,5
inlet,5
inner,5
input,5
inset,5
inter,5
inure,5
ionic,5
iraqi,5
irate,5
irene,5
irish,5
irked,5
irons,5
irony,5
isaac,5
islam,5
isles,5
islet,5
isn't,5
issue,5
it'll,5
italy,5
itchy,5
items,5
ivory,5
jacks,5
jacob,5
jaded,5
jades,5
jaffa,5
jails,5
james,5
jamey,5
janet,5
janus,5
japan,5
jason,5
jaunt,5
jawed,5
jazzy,5
jeans,5
jeeps,5
jeers,5
jelly,5
jenny,5
jerks,5
jerky,5
jerry,5
jesse,5
jests,5
jesus,5
jetty,5
jewel,5
jewry,5
jibed,5
jibes,5
jiffy,5
jilts,5
jimmy,5
jived,5
jives,5
joins,5
joint,5
joist,5
joked,5
joker,5
jokes,5
jolly,5
jolts,5
jones,5
joule,5
jours,5
joust,5
jowls,5
jowly,5
joyce,5
judas,5
judea,5
judge,5
juice,5
juicy,5
julia,5
julie,5
julys,5
jumbo,5
jumps,5
jumpy,5
junes,5
junks,5
junta,5
juror,5
kabul,5
kafka,5
kaman,5
kapok,5
kaput,5
karat,5
karen,5
karma,5
kathy,5
katie,5
kayak,5
kbyte,5
kebab,5
keels,5
keeps,5
keith,5
kelly,5
kenya,5
ketch,5
kevin,5
keyed,5
khaki,5
kicks,5
kills,5
kilns,5
kilos,5
kilts,5
kinds,5
kings,5
kinks,5
kinky,5
kiosk,5
kited,5
kites,5
kitty,5
kiwis,5
klieg,5
knack,5
knave,5
knead,5
kneed,5
kneel,5
knees,5
knell,5
knelt,5
knife,5
knits,5
knobs,5
knock,5
knoll,5
knots,5
known,5
knows,5
knurl,5
koala,5
kodak,5
koran,5
korea,5
kraal,5
kraft,5
kraut,5
krone,5
kudos,5
kyoto,5
label,5
labor,5
laced,5
lacer,5
laces,5
lacks,5
laden,5
ladle,5
lager,5
lagos,5
lairs,5
laity,5
lakes,5
lambs,5
lamps,5
lance,5
lands,5
lanes,5
lanky,5
lapel,5
lapse,5
larch,5
lards,5
large,5
larks,5
larry,5
larva,5
laser,5
lasso,5
lasts,5
latch,5
later,5
latex,5
lathe,5
laths,5
latin,5
lauds,5
laugh,5
laura,5
lawns,5
laxly,5
layer,5
layup,5
lazed,5
lazes,5
leads,5
leafs,5
leafy,5
leaks,5
leaky,5
leans,5
leant,5
leaps,5
leapt,5
learn,5
lease,5
leash,5
least,5
leave,5
ledge,5
leech,5
leeds,5
leeks,5
leers,5
leery,5
lefty,5
legal,5
leges,5
leggy,5
leigh,5
lemon,5
lemur,5
lends,5
lenin,5
lento,5
leper,5
letup,5
levee,5
level,5
lever,5
lhasa,5
liars,5
libel,5
libra,5
libya,5
licks,5
liege,5
liens,5
lifer,5
lifts,5
light,5
liked,5
liken,5
likes,5
lilac,5
lilly,5
lilts,5
limbo,5
limbs,5
limed,5
limes,5
limey,5
limit,5
limps,5
linda,5
lined,5
linen,5
liner,5
lines,5
lingo,5
links,5
lions,5
lipid,5
lisps,5
lists,5
liszt,5
liter,5
lithe,5
lived,5
liven,5
liver,5
lives,5
livid,5
llama,5
loads,5
loafs,5
loamy,5
loans,5
loath,5
lobby,5
lobes,5
local,5
lochs,5
locks,5
locum,5
locus,5
lodge,5
lofts,5
lofty,5
logic,5
logos,5
loins,5
loire,5
lolls,5
loner,5
longs,5
looks,5
looms,5
loony,5
loops,5
loopy,5
loose,5
loots,5
loped,5
lopes,5
loral,5
loran,5
lords,5
lorry,5
loser,5
loses,5
lotus,5
louis,5
louse,5
lousy,5
louts,5
loved,5
lover,5
loves,5
lower,5
lowly,5
loyal,5
lucas,5
lucid,5
lucks,5
lucky,5
lucre,5
ludic,5
lulls,5
lumen,5
lumps,5
lumpy,5
lunar,5
lunch,5
lunge,5
lungs,5
lupin,5
lurch,5
lured,5
lures,5
lurid,5
lurks,5
lusts,5
lusty,5
lutes,5
luzon,5
lying,5
lymph,5
lynch,5
lyons,5
lyric,5
macao,5
macaw,5
maced,5
maces,5
macho,5
macro,5
madam,5
madly,5
mafia,5
magic,5
magna,5
maids,5
mails,5
maims,5
maine,5
mains,5
maize,5
major,5
maker,5
makes,5
malay,5
males,5
malls,5
malta,5
malts,5
malty,5
malum,5
mamas,5
mambo,5
mamma,5
mammy,5
manes,5
mange,5
mango,5
mangy,5
mania,5
manic,5
manly,5
manna,5
manor,5
manse,5
maori,5
maple,5
march,5
marco,5
mares,5
maria,5
marie,5
mario,5
marks,5
marry,5
marsh,5
marts,5
maser,5
masks,5
mason,5
massy,5
masts,5
match,5
mated,5
mater,5
mates,5
maths,5
matte,5
matzo,5
mauls,5
mauve,5
maxim,5
maybe,5
mayor,5
mazes,5
meals,5
mealy,5
means,5
meant,5
meats,5
meaty,5
mecca,5
medal,5
media,5
medic,5
meets,5
melba,5
melon,5
melts,5
memos,5
mends,5
mente,5
menus,5
meows,5
mercy,5
merge,5
merit,5
merry,5
messy,5
metal,5
meted,5
meter,5
meths,5
metro,5
mewed,5
mezzo,5
miami,5
micah,5
micro,5
midas,5
midge,5
midst,5
miens,5
miffs,5
might,5
milan,5
miles,5
milks,5
milky,5
milli,5
mills,5
mimed,5
mimer,5
mimes,5
mimic,5
mince,5
minds,5
mined,5
miner,5
mines,5
minim,5
minks,5
minor,5
mints,5
minty,5
minus,5
mirth,5
miser,5
missy,5
mists,5
misty,5
miter,5
mites,5
mixed,5
mixer,5
mixes,5
mixup,5
moans,5
moats,5
mobil,5
mocha,5
mocks,5
modal,5
model,5
modem,5
modes,5
modus,5
mogul,5
moist,5
molar,5
molds,5
moldy,5
moles,5
molls,5
molly,5
molts,5
momma,5
mommy,5
monet,5
money,5
monks,5
month,5
mooch,5
moods,5
moody,5
mooed,5
moons,5
moors,5
moose,5
moots,5
moped,5
mopes,5
moral,5
moray,5
mores,5
moron,5
morse,5
moses,5
mossy,5
motel,5
motes,5
motet,5
moths,5
motif,5
motor,5
motto,5
mound,5
mount,5
mourn,5
mouse,5
mousy,5
mouth,5
moved,5
mover,5
moves,5
movie,5
mowed,5
mower,5
mucks,5
mucky,5
mucus,5
muddy,5
muffs,5
mufti,5
muggy,5
mulch,5
mules,5
mulls,5
multi,5
mummy,5
mumps,5
munch,5
mural,5
murky,5
mused,5
muses,5
mushy,5
music,5
musky,5
musts,5
musty,5
muted,5
mutes,5
muzak,5
mynah,5
myrrh,5
myths,5
nabob,5
nadir,5
nails,5
naive,5
naked,5
named,5
names,5
nancy,5
nanny,5
napes,5
nappy,5
nasal,5
nasty,5
natal,5
natty,5
naval,5
navel,5
naves,5
nazis,5
nears,5
necks,5
needs,5
needy,5
negro,5
nehru,5
neigh,5
nepal,5
nerve,5
nervy,5
nests,5
never,5
nevil,5
newer,5
newly,5
newsy,5
newts,5
nicer,5
niche,5
nicks,5
niece,5
nifty,5
nigel,5
niger,5
night,5
nines,5
ninny,5
ninth,5
nippy,5
niter,5
nitro,5
nixon,5
nobel,5
noble,5
nobly,5
nodal,5
nodes,5
noise,5
noisy,5
nomad,5
nooks,5
noose,5
norms,5
norse,5
north,5
nosed,5
noses,5
nosey,5
notae,5
notch,5
noted,5
notes,5
nouns,5
novae,5
novel,5
nudes,5
nudge,5
numbs,5
nurse,5
nutty,5
nylon,5
nymph,5
oakum,5
oases,5
oasis,5
oaths,5
obese,5
obeys,5
oboes,5
occur,5
ocean,5
ochre,5
octal,5
octet,5
odder,5
oddly,5
odium,5
offal,5
offer,5
often,5
ogled,5
ogles,5
ogres,5
ohmic,5
oiled,5
oiler,5
okapi,5
olden,5
older,5
oldie,5
olive,5
omaha,5
omega,5
omens,5
omits,5
onion,5
onset,5
oozed,5
oozes,5
opens,5
opera,5
opine,5
opium,5
opted,5
optic,5
orals,5
orate,5
orbed,5
orbit,5
order,5
organ,5
orion,5
osaka,5
oscar,5
osier,5
other,5
otter,5
ought,5
ounce,5
ousts,5
outdo,5
outer,5
outre,5
ouzel,5
ovals,5
ovary,5
ovate,5
ovens,5
overs,5
overt,5
ovine,5
ovoid,5
owing,5
owlet,5
owned,5
owner,5
oxide,5
oxlip,5
ozone,5
paced,5
pacer,5
paces,5
packs,5
pacts,5
paddy,5
padre,5
pagan,5
paged,5
pages,5
pails,5
pains,5
paint,5
pairs,5
paled,5
paler,5
pales,5
palls,5
palms,5
palsy,5
panda,5
panel,5
panes,5
pangs,5
panic,5
pansy,5
pants,5
panty,5
papal,5
paper,5
papua,5
parch,5
pared,5
paris,5
parka,5
parks,5
parry,5
parse,5
parts,5
party,5
parva,5
pasta,5
paste,5
pasty,5
patch,5
paten,5
pater,5
paths,5
patio,5
patna,5
patsy,5
patty,5
paula,5
pause,5
paved,5
paves,5
pawed,5
pawns,5
payee,5
payer,5
peace,5
peach,5
peaks,5
peaky,5
peals,5
pearl,5
pears,5
peaty,5
pecan,5
pecks,5
pedal,5
peeks,5
peels,5
peeps,5
peers,5
peeve,5
pelts,5
penal,5
pence,5
pends,5
penis,5
penny,5
peony,5
peppy,5
pepsi,5
perch,5
peril,5
perks,5
perky,5
perms,5
perth,5
pesky,5
pests,5
petal,5
peter,5
petro,5
petty,5
pewee,5
phase,5
phial,5
phone,5
phony,5
photo,5
phyla,5
piano,5
picks,5
piece,5
piers,5
piety,5
piggy,5
pigmy,5
piker,5
pikes,5
pilaf,5
piled,5
piles,5
pills,5
pilot,5
pimps,5
pinch,5
pined,5
pines,5
pings,5
pinks,5
pints,5
pinup,5
pious,5
piped,5
piper,5
pipes,5
pique,5
piste,5
pitch,5
pithy,5
piton,5
pitta,5
pivot,5
pixel,5
pixie,5
pizza,5
place,5
plaid,5
plain,5
plait,5
plane,5
plank,5
plans,5
plant,5
plate,5
plato,5
plays,5
plaza,5
plead,5
pleas,5
pleat,5
plebs,5
plied,5
plies,5
pliny,5
plods,5
plops,5
plots,5
ploys,5
pluck,5
plugs,5
plumb,5
plume,5
plump,5
plums,5
plumy,5
plunk,5
plush,5
pluto,5
poach,5
podia,5
poems,5
poets,5
point,5
poise,5
poked,5
poker,5
pokes,5
polar,5
poled,5
poles,5
polio,5
polka,5
polls,5
polyp,5
ponds,5
pooch,5
pools,5
poona,5
popes,5
poppy,5
porch,5
pored,5
pores,5
porgy,5
porno,5
ports,5
posed,5
poser,5
poses,5
posit,5
posse,5
posts,5
potty,5
pouch,5
pound,5
pours,5
pouts,5
power,5
prams,5
prank,5
prawn,5
prays,5
preen,5
press,5
preys,5
price,5
prick,5
pride,5
pried,5
pries,5
prime,5
print,5
prior,5
prism,5
privy,5
prize,5
probe,5
prods,5
prone,5
prong,5
proof,5
props,5
prose,5
proud,5
prove,5
provo,5
prowl,5
prows,5
proxy,5
prude,5
prune,5
psalm,5
psion,5
psych,5
pucks,5
pudgy,5
puffs,5
puffy,5
puked,5
pukes,5
pulls,5
pulps,5
pulpy,5
pulse,5
pumps,5
punch,5
punic,5
punks,5
punts,5
pupae,5
pupil,5
puppy,5
puree,5
purer,5
purge,5
purls,5
purrs,5
purse,5
pushy,5
pussy,5
putts,5
putty,5
pygmy,5
pylon,5
pyres,5
qatar,5
qjump,5
quack,5
quads,5
quaff,5
quail,5
quake,5
quaky,5
qualm,5
quark,5
quart,5
quash,5
quasi,5
quays,5
queen,5
queer,5
quell,5
query,5
quest,5
queue,5
quick,5
quiet,5
quiff,5
quill,5
quilt,5
quips,5
quire,5
quirk,5
quite,5
quito,5
quits,5
quoit,5
quota,5
quote,5
rabat,5
rabbi,5
rabid,5
raced,5
racer,5
races,5
racks,5
radar,5
radii,5
radio,5
radix,5
radon,5
rafts,5
raged,5
rages,5
raids,5
rails,5
rains,5
rainy,5
raise,5
rajah,5
raked,5
rakes,5
rally,5
ralph,5
ramps,5
ranch,5
randy,5
range,5
rangy,5
ranks,5
rants,5
raped,5
rapes,5
rapid,5
rarer,5
rasps,5
rated,5
rates,5
ratio,5
raved,5
ravel,5
raven,5
raver,5
raves,5
rayed,5
rayon,5
razed,5
razes,5
razor,5
reach,5
react,5
reads,5
ready,5
realm,5
reams,5
reaps,5
rears,5
rebel,5
rebus,5
rebut,5
recap,5
recur,5
reeds,5
reedy,5
reefs,5
reeks,5
reels,5
refer,5
refit,5
regal,5
reign,5
reins,5
relax,5
relay,5
relic,5
remit,5
renal,5
rends,5
renee,5
renew,5
rents,5
repay,5
repel,5
reply,5
rerun,5
resat,5
reset,5
resin,5
resit,5
rests,5
retch,5
retry,5
reuse,5
revel,5
revue,5
rhine,5
rhino,5
rhode,5
rhone,5
rhyme,5
rices,5
ricky,5
rider,5
rides,5
ridge,5
rifer,5
rifle,5
rifts,5
right,5
rigid,5
rigor,5
rinds,5
rings,5
rinks,5
rinse,5
riots,5
ripen,5
risen,5
riser,5
rises,5
risks,5
risky,5
rites,5
rival,5
riven,5
river,5
rivet,5
riyal,5
roach,5
roads,5
roams,5
roars,5
roast,5
robed,5
robes,5
robin,5
robot,5
rocks,5
rocky,5
rodeo,5
roger,5
rogue,5
roles,5
rolls,5
roman,5
romeo,5
romps,5
roofs,5
rooks,5
rooms,5
roomy,5
roost,5
roots,5
roped,5
ropes,5
roses,5
rotor,5
rouen,5
rouge,5
rough,5
round,5
rouse,5
route,5
routs,5
roved,5
rover,5
roves,5
rowan,5
rowdy,5
rowed,5
rower,5
royal,5
rucks,5
ruddy,5
ruder,5
ruffs,5
rugby,5
ruing,5
ruins,5
ruled,5
ruler,5
rules,5
rumba,5
rummy,5
rumor,5
rumps,5
runes,5
rungs,5
runic,5
runny,5
rupee,5
rural,5
ruses,5
rusks,5
rusts,5
rusty,5
rutty,5
saber,5
sable,5
sabot,5
sacci,5
sacks,5
sadly,5
safer,5
safes,5
sagas,5
sages,5
sails,5
saint,5
sakes,5
salad,5
sales,5
salic,5
sally,5
salon,5
salts,5
salty,5
salve,5
salvo,5
samba,5
samoa,5
sands,5
sandy,5
saner,5
santa,5
sappy,5
sarah,5
saris,5
satan,5
sated,5
sates,5
satin,5
sauce,5
saucy,5
saudi,5
sauna,5
saute,5
saved,5
saver,5
saves,5
savor,5
savoy,5
savvy,5
sawed,5
saxon,5
scabs,5
scald,5
scale,5
scalp,5
scaly,5
scamp,5
scams,5
scans,5
scant,5
scare,5
scarf,5
scars,5
scary,5
scene,5
scent,5
scion,5
scire,5
scoff,5
scold,5
scone,5
scoop,5
scoot,5
scope,5
score,5
scorn,5
scots,5
scott,5
scour,5
scout,5
scowl,5
scows,5
scram,5
scrap,5
screw,5
scrip,5
scrub,5
scrum,5
scuba,5
scuff,5
scull,5
scurf,5
seals,5
seams,5
seamy,5
sears,5
seato,5
seats,5
sects,5
sedan,5
seder,5
seeds,5
seedy,5
seeks,5
seems,5
seeps,5
seers,5
seine,5
seize,5
sells,5
semen,5
sends,5
sense,5
seoul,5
sepal,5
sepia,5
serfs,5
serge,5
serif,5
serum,5
serve,5
servo,5
setup,5
seven,5
sever,5
sewed,5
sewer,5
sexed,5
sexes,5
shack,5
shade,5
shady,5
shaft,5
shake,5
shaky,5
shall,5
shame,5
shams,5
shane,5
shank,5
shape,5
shard,5
share,5
shark,5
sharp,5
shave,5
shawl,5
she'd,5
sheaf,5
shear,5
sheds,5
sheen,5
sheep,5
sheer,5
sheet,5
sheik,5
shelf,5
shell,5
shied,5
shier,5
shies,5
shift,5
shine,5
shins,5
shiny,5
ships,5
shire,5
shirk,5
shirt,5
shoal,5
shock,5
shoes,5
shone,5
shook,5
shoot,5
shops,5
shore,5
shorn,5
short,5
shots,5
shout,5
shove,5
shown,5
shows,5
showy,5
shred,5
shrew,5
shrub,5
shrug,5
shuns,5
shunt,5
shuts,5
shyer,5
shyly,5
sibyl,5
sided,5
sides,5
sidle,5
siege,5
sieve,5
sifts,5
sighs,5
sight,5
sigma,5
signs,5
sikhs,5
silks,5
silky,5
sills,5
silly,5
silos,5
silts,5
silty,5
simon,5
sinai,5
since,5
sinew,5
singe,5
singh,5
sings,5
sinks,5
sinus,5
sioux,5
sired,5
siren,5
sires,5
sisal,5
sissy,5
sited,5
sites,5
sixes,5
sixth,5
sixty,5
sized,5
sizes,5
skate,5
skeet,5
skein,5
skews,5
skids,5
skied,5
skier,5
skies,5
skiff,5
skill,5
skimp,5
skims,5
skins,5
skips,5
skirt,5
skits,5
skive,5
skulk,5
skull,5
skunk,5
slabs,5
slack,5
slags,5
slain,5
slake,5
slams,5
slang,5
slant,5
slaps,5
slash,5
slate,5
slats,5
slave,5
slays,5
sleds,5
sleek,5
sleep,5
sleet,5
slept,5
slice,5
slick,5
slide,5
slime,5
slims,5
slimy,5
sling,5
slink,5
slips,5
slits,5
slogs,5
sloop,5
slope,5
slops,5
slosh,5
sloth,5
slots,5
slows,5
slugs,5
slump,5
slums,5
slung,5
slunk,5
slurp,5
slurs,5
slush,5
sluts,5
slyer,5
slyly,5
smack,5
small,5
smart,5
smash,5
smear,5
smell,5
smelt,5
smile,5
smirk,5
smite,5
smith,5
smock,5
smoke,5
smoky,5
smote,5
snack,5
snags,5
snail,5
snake,5
snaky,5
snaps,5
snare,5
snark,5
snarl,5
sneak,5
sneer,5
snick,5
snide,5
sniff,5
snipe,5
snips,5
snobs,5
snood,5
snoop,5
snore,5
snort,5
snout,5
snows,5
snowy,5
snubs,5
snuff,5
soaks,5
soaps,5
soapy,5
soars,5
sober,5
socks,5
sofas,5
sofia,5
soggy,5
soils,5
solar,5
soles,5
solet,5
solid,5
solos,5
solve,5
somme,5
sonar,5
songs,5
sonic,5
sonny,5
sooty,5
soppy,5
sorer,5
sores,5
sorry,5
sorts,5
souls,5
sound,5
soups,5
soupy,5
sours,5
souse,5
south,5
sowed,5
sower,5
space,5
spade,5
spain,5
spank,5
spans,5
spare,5
spark,5
spars,5
spasm,5
spate,5
spats,5
spawn,5
speak,5
spear,5
speck,5
speed,5
spell,5
spelt,5
spend,5
spent,5
sperm,5
spews,5
spice,5
spicy,5
spied,5
spies,5
spike,5
spiky,5
spill,5
spilt,5
spine,5
spins,5
spiny,5
spire,5
spite,5
spits,5
splay,5
split,5
spoil,5
spoke,5
spoof,5
spook,5
spool,5
spoon,5
spoor,5
spore,5
sport,5
spots,5
spout,5
sprat,5
spray,5
spree,5
sprig,5
spuds,5
spunk,5
spurn,5
spurs,5
spurt,5
squab,5
squad,5
squat,5
squaw,5
squib,5
squid,5
stabs,5
stack,5
staff,5
stage,5
stags,5
staid,5
stain,5
stair,5
stake,5
stale,5
stalk,5
stall,5
stamp,5
stand,5
stank,5
stare,5
stark,5
stars,5
start,5
stary,5
stash,5
state,5
stave,5
stays,5
stead,5
steak,5
steal,5
steam,5
steed,5
steel,5
steep,5
steer,5
stele,5
stems,5
steps,5
stern,5
steve,5
stews,5
stick,5
sties,5
stiff,5
stile,5
still,5
stilt,5
sting,5
stink,5
stint,5
stirs,5
stoat,5
stock,5
stoic,5
stoke,5
stole,5
stomp,5
stone,5
stony,5
stood,5
stool,5
stoop,5
stops,5
store,5
stork,5
storm,5
story,5
stout,5
stove,5
stows,5
strap,5
straw,5
stray,5
strew,5
strip,5
strop,5
strum,5
strut,5
stubs,5
stuck,5
studs,5
study,5
stuff,5
stump,5
stung,5
stunk,5
stuns,5
stunt,5
style,5
styli,5
suave,5
sucks,5
sudan,5
suede,5
sugar,5
suing,5
suite,5
suits,5
sulfa,5
sulks,5
sulky,5
sully,5
sunny,5
sunup,5
super,5
supra,5
surge,5
surly,5
susan,5
sushi,5
swabs,5
swain,5
swamp,5
swank,5
swans,5
swaps,5
swarm,5
swath,5
swats,5
sways,5
swear,5
sweat,5
swede,5
sweep,5
sweet,5
swell,5
swelt,5
swept,5
swift,5
swill,5
swims,5
swine,5
swing,5
swipe,5
swirl,5
swish,5
swiss,5
swoon,5
swoop,5
swops,5
sword,5
swore,5
sworn,5
swung,5
sylph,5
synod,5
syria,5
syrup,5
tabby,5
table,5
taboo,5
tacit,5
tacks,5
tacky,5
tacts,5
taffy,5
taiga,5
tails,5
taint,5
taken,5
taker,5
takes,5
talas,5
tales,5
talks,5
talky,5
tally,5
talon,5
tamed,5
tamer,5
tames,5
tamil,5
tampa,5
tamps,5
tango,5
tangs,5
tangy,5
tanks,5
tansy,5
taped,5
taper,5
tapes,5
tapir,5
tardy,5
tarns,5
tarry,5
tarts,5
tasks,5
taste,5
tasty,5
tatty,5
taunt,5
tawny,5
taxed,5
taxes,5
taxis,5
teach,5
teals,5
teams,5
tears,5
tease,5
teats,5
teddy,5
teems,5
teens,5
teeny,5
teeth,5
telex,5
tells,5
tempo,5
temps,5
tempt,5
tench,5
tends,5
tenet,5
tenor,5
tense,5
tenth,5
tents,5
tepid,5
terms,5
terns,5
terra,5
terry,5
terse,5
tests,5
testy,5
texan,5
texas,5
texts,5
thane,5
thank,5
thaws,5
theca,5
theft,5
their,5
theme,5
there,5
these,5
theta,5
thick,5
thief,5
thigh,5
thing,5
think,5
third,5
thong,5
thorn,5
those,5
three,5
threw,5
throb,5
throe,5
throw,5
thuds,5
thugs,5
thumb,5
thump,5
thyme,5
tiara,5
tiber,5
tibet,5
tibia,5
ticks,5
tidal,5
tides,5
tiers,5
tiffs,5
tiger,5
tight,5
tilde,5
tiled,5
tiler,5
tiles,5
tills,5
tilth,5
tilts,5
timed,5
timer,5
times,5
timex,5
timid,5
timor,5
tinge,5
tinny,5
tints,5
tipsy,5
tired,5
tires,5
titan,5
tithe,5
title,5
titus,5
toads,5
toady,5
toast,5
today,5
toddy,5
toils,5
token,5
tokyo,5
tolls,5
tombs,5
tomes,5
tommy,5
tonal,5
toned,5
toner,5
tones,5
tonga,5
tongs,5
tonic,5
tools,5
tooth,5
toots,5
topaz,5
topic,5
topsy,5
torah,5
torch,5
torso,5
torus,5
tosco,5
total,5
toted,5
totem,5
totes,5
touch,5
tough,5
tours,5
touts,5
towed,5
towel,5
tower,5
towns,5
toxic,5
toxin,5
toyed,5
trace,5
track,5
tract,5
tracy,5
trade,5
trail,5
train,5
trait,5
tramp,5
trams,5
traps,5
trash,5
trawl,5
trays,5
tread,5
treat,5
trees,5
treks,5
trend,5
tress,5
triad,5
trial,5
tribe,5
trice,5
trick,5
tried,5
tries,5
trill,5
trims,5
trios,5
tripe,5
trips,5
trite,5
troll,5
troop,5
troth,5
trots,5
trout,5
trove,5
truce,5
truck,5
truer,5
trues,5
truly,5
trump,5
trunk,5
truss,5
trust,5
truth,5
tryst,5
tubas,5
tubby,5
tuber,5
tubes,5
tucks,5
tudor,5
tufts,5
tufty,5
tulip,5
tulsa,5
tummy,5
tumor,5
tuned,5
tuner,5
tunes,5
tunic,5
tunis,5
tunny,5
turbo,5
turfs,5
turin,5
turks,5
turns,5
turvy,5
tusks,5
tutee,5
tutor,5
twain,5
twang,5
tweak,5
tweed,5
tweet,5
twice,5
twigs,5
twill,5
twine,5
twins,5
twirl,5
twist,5
twits,5
tying,5
tyler,5
typed,5
types,5
tyrol,5
tyros,5
tyson,5
tythe,5
tzars,5
udder,5
ukase,5
ulcer,5
ultra,5
umber,5
unapt,5
unarm,5
unary,5
unbar,5
unbid,5
uncap,5
uncle,5
uncut,5
under,5
undid,5
undue,5
unfed,5
unfit,5
unify,5
union,5
unite,5
units,5
unity,5
unman,5
unpeg,5
unpin,5
unsay,5
unset,5
untie,5
until,5
unwed,5
unzip,5
upped,5
upper,5
upset,5
urban,5
urged,5
urges,5
urine,5
usage,5
users,5
usher,5
using,5
usual,5
usurp,5
usury,5
uteri,5
utter,5
uvula,5
uzbek,5
vaduz,5
vague,5
vales,5
valet,5
valid,5
valor,5
value,5
valve,5
vamps,5
vaned,5
vanes,5
vapid,5
vapor,5
vases,5
vault,5
vaunt,5
veers,5
vegan,5
veils,5
veins,5
velum,5
venal,5
vends,5
venia,5
venom,5
vents,5
venue,5
venus,5
verba,5
verbs,5
verdi,5
verge,5
versa,5
verse,5
verve,5
vests,5
vexed,5
vexes,5
vials,5
vibes,5
vicar,5
vices,5
vicki,5
video,5
views,5
vigil,5
vigor,5
viler,5
villa,5
vines,5
vinyl,5
viola,5
viols,5
viper,5
viral,5
virgo,5
virus,5
visas,5
visit,5
visor,5
vista,5
vital,5
vitas,5
vitro,5
vivid,5
vixen,5
vocal,5
vodka,5
vogue,5
voice,5
voids,5
voles,5
volta,5
volts,5
volvo,5
vomit,5
voted,5
voter,5
votes,5
vouch,5
vowed,5
vowel,5
vulva,5
vying,5
waded,5
wader,5
wades,5
wafer,5
wafts,5
waged,5
wager,5
wages,5
wagon,5
wails,5
waist,5
waits,5
waive,5
waked,5
waken,5
wakes,5
wales,5
walks,5
walls,5
wally,5
waltz,5
wands,5
waned,5
wanes,5
wanly,5
wants,5
wards,5
wares,5
warms,5
warns,5
warps,5
warts,5
warty,5
washy,5
wasps,5
waste,5
watch,5
water,5
watts,5
waved,5
waver,5
waves,5
waxed,5
waxen,5
waxes,5
we'll,5
we're,5
we've,5
weals,5
weans,5
wears,5
weary,5
weave,5
wedge,5
weeds,5
weedy,5
weeks,5
weeny,5
weeps,5
weepy,5
weigh,5
weird,5
weirs,5
welds,5
wells,5
welsh,5
welts,5
wench,5
wends,5
wetly,5
whack,5
whale,5
wharf,5
wheat,5
wheel,5
whelk,5
where,5
whets,5
which,5
whiff,5
while,5
whims,5
whine,5
whiny,5
whips,5
whirl,5
whisk,5
whist,5
white,5
whole,5
whoop,5
whore,5
whorl,5
whose,5
wicks,5
widen,5
wider,5
widow,5
width,5
wield,5
wilds,5
wiles,5
wills,5
wilts,5
wimps,5
wince,5
winch,5
winds,5
windy,5
wined,5
wines,5
wings,5
winks,5
wiped,5
wiper,5
wipes,5
wired,5
wires,5
wised,5
wiser,5
wishy,5
wisps,5
wispy,5
witch,5
witty,5
wives,5
wizen,5
woken,5
wolfs,5
woman,5
wombs,5
women,5
won't,5
woods,5
woody,5
wooed,5
wooer,5
words,5
wordy,5
works,5
world,5
worms,5
wormy,5
worry,5
worse,5
worst,5
worth,5
would,5
wound,5
woven,5
wowed,5
wrack,5
wraps,5
wrath,5
wreak,5
wreck,5
wrens,5
wrest,5
wrier,5
wring,5
wrist,5
write,5
writs,5
wrong,5
wrote,5
wroth,5
wrung,5
wryly,5
xenon,5
xerox,5
xrays,5
xviii,5
xxiii,5
xxvii,5
yacht,5
yahoo,5
yalta,5
yanks,5
yards,5
yarns,5
yawed,5
yawls,5
yawns,5
yearn,5
years,5
yeast,5
yells,5
yelps,5
yemen,5
yetis,5
yield,5
yodel,5
yoked,5
yokel,5
yokes,5
yolks,5
yolky,5
you'd,5
young,5
yours,5
youth,5
yoyos,5
yukon,5
yummy,5
zaire,5
zebra,5
zeros,5
zesty,5
zippy,5
zloty,5
zonal,5
zoned,5
zones,5
zooms,5